{
  "Brouwer mean motion": {
    "order": [
      3,
      0,
      1
    ],
    "aic": -13072.226288373135,
    "bic": -13033.702194626921,
    "params": {
      "const": -0.04634946142845013,
      "ar.L1": 1.424377150510079,
      "ar.L2": -0.3102395805378382,
      "ar.L3": -0.11714931291871243,
      "ma.L1": -0.44668543771393265,
      "sigma2": 0.0032421989386278473
    }
  }
}