{
  "Brouwer mean motion": {
    "order": [
      2,
      0,
      0
    ],
    "aic": 5143.136144641009,
    "bic": 5167.679875729029,
    "params": {
      "const": -0.0008677925460975606,
      "ar.L1": 0.7519900282169336,
      "ar.L2": 0.12216079278677153,
      "sigma2": 0.2632646697461572
    }
  },
  "eccentricity": {
    "order": [
      2,
      0,
      0
    ],
    "aic": 3691.048824518913,
    "bic": 3715.592555606933,
    "params": {
      "const": 0.02136362720763673,
      "ar.L1": 0.47425983582351444,
      "ar.L2": 0.4638909949497114,
      "sigma2": 0.1720462803035431
    }
  }
}