{
  "Brouwer mean motion": {
    "order": [
      1,
      0,
      0
    ],
    "aic": 2275.0701887056175,
    "bic": 2292.4211104942815,
    "params": {
      "const": -0.004612115300013494,
      "ar.L1": 0.9221033333469209,
      "sigma2": 0.15052377864408958
    }
  }
}